{"is_source_file": false, "format": "", "description": "", "external_files": [], "external_methods": [], "published": [], "classes": [], "methods": [], "calls": [], "search-terms": [], "state": 2, "file_id": 10, "knowledge_revision": 22, "git_revision": "7f2c00bbc7ce033d20df7cf24b758448c0beb66d", "hash": "d9d975cebe2ec20b6c652e1e4c12ccf0", "format-version": 4, "code-base-name": "food_delivery_frontend", "filename": "food_delivery_frontend/public/manifest.json", "revision_history": [{"22": "7f2c00bbc7ce033d20df7cf24b758448c0beb66d"}]}