{"is_source_file": false, "format": "", "description": "", "external_files": [], "external_methods": [], "published": [], "classes": [], "methods": [], "calls": [], "search-terms": ["CSS variables", "theme management", "responsive design", ".App", ".theme-toggle"], "state": 2, "file_id": 4, "knowledge_revision": 14, "git_revision": "7f2c00bbc7ce033d20df7cf24b758448c0beb66d", "hash": "22f9e17cc1848b56dbb244518ac2707e", "format-version": 4, "code-base-name": "food_delivery_frontend", "filename": "food_delivery_frontend/src/App.css", "revision_history": [{"14": "7f2c00bbc7ce033d20df7cf24b758448c0beb66d"}]}