{"is_source_file": false, "format": "", "description": "", "external_files": [], "external_methods": [], "published": [], "classes": [], "methods": [], "calls": [], "search-terms": [], "state": 2, "file_id": 7, "knowledge_revision": 18, "git_revision": "7f2c00bbc7ce033d20df7cf24b758448c0beb66d", "hash": "be6538e7523bc2e9da0743133d784136", "format-version": 4, "code-base-name": "food_delivery_frontend", "filename": "food_delivery_frontend/eslint.config.mjs", "revision_history": [{"18": "7f2c00bbc7ce033d20df7cf24b758448c0beb66d"}]}