{"is_source_file": false, "format": "", "description": "", "external_files": [], "external_methods": [], "published": [], "classes": [], "methods": [], "calls": [], "search-terms": [], "state": 2, "file_id": 11, "knowledge_revision": 25, "git_revision": "7f2c00bbc7ce033d20df7cf24b758448c0beb66d", "hash": "ebece526bc2eadd78ddd787a76c56607", "format-version": 4, "code-base-name": "food_delivery_frontend", "filename": "food_delivery_frontend/README.md", "revision_history": [{"25": "7f2c00bbc7ce033d20df7cf24b758448c0beb66d"}]}