{"is_source_file": false, "format": "", "description": "", "external_files": [], "external_methods": [], "published": [], "classes": [], "methods": [], "calls": [], "search-terms": [], "state": 2, "file_id": 8, "knowledge_revision": 21, "git_revision": "7f2c00bbc7ce033d20df7cf24b758448c0beb66d", "hash": "d001d53c059625c4bcf75bf5a7f3fcf0", "format-version": 4, "code-base-name": "food_delivery_frontend", "filename": "food_delivery_frontend/package.json", "revision_history": [{"21": "7f2c00bbc7ce033d20df7cf24b758448c0beb66d"}]}