{"is_source_file": false, "format": "", "description": "", "external_files": [], "external_methods": [], "published": [], "classes": [], "methods": [], "calls": [], "search-terms": [], "state": 2, "file_id": 9, "knowledge_revision": 19, "git_revision": "7f2c00bbc7ce033d20df7cf24b758448c0beb66d", "hash": "d2b40d02d5f7873d8a6713bad837edd4", "format-version": 4, "code-base-name": "food_delivery_frontend", "filename": "food_delivery_frontend/public/index.html", "revision_history": [{"19": "7f2c00bbc7ce033d20df7cf24b758448c0beb66d"}]}