{"is_source_file": false, "format": "", "description": "", "external_files": [], "external_methods": [], "published": [], "classes": [], "methods": [], "calls": [], "search-terms": [], "state": 2, "file_id": 3, "knowledge_revision": 15, "git_revision": "7f2c00bbc7ce033d20df7cf24b758448c0beb66d", "hash": "6c2104b8d219ed99234ae2d6329f4357", "format-version": 4, "code-base-name": "food_delivery_frontend", "filename": "food_delivery_frontend/src/index.css", "revision_history": [{"15": "7f2c00bbc7ce033d20df7cf24b758448c0beb66d"}]}