{"is_source_file": true, "format": "JavaScript (React JSX)", "description": "This file defines a React component named 'App' that manages a theme toggle between light and dark modes. It uses React hooks such as useState and useEffect to manage state and side-effects, and renders UI elements including a button to toggle themes, an image, and links.", "external_files": ["./logo.svg", "./App.css"], "external_methods": ["React.useState", "React.useEffect"], "published": ["App"], "classes": [], "methods": [{"name": "App()", "description": "Main React functional component that manages theme state and renders UI.", "scope": "", "scopeKind": ""}, {"name": "toggleTheme", "description": "Function to toggle the theme state between 'light' and 'dark'."}], "calls": ["document.documentElement.setAttribute", "setTheme", "prevTheme => prevTheme === 'light' ? 'dark' : 'light'"], "search-terms": ["React component", "useState", "useEffect", "theme toggle", "light/dark mode", "App.js"], "state": 2, "file_id": 1, "knowledge_revision": 17, "git_revision": "7f2c00bbc7ce033d20df7cf24b758448c0beb66d", "ctags": [{"_type": "tag", "name": "App", "path": "/home/kavia/workspace/code-generation/gourmet-delivery-platform-200626-200637/food_delivery_frontend/src/App.js", "pattern": "/^function App() {$/", "language": "JavaScript", "kind": "function", "signature": "()"}, {"_type": "tag", "name": "Switch to ${theme === 'light' ? 'dark' : 'light'} mode", "path": "/home/kavia/workspace/code-generation/gourmet-delivery-platform-200626-200637/food_delivery_frontend/src/App.js", "pattern": "/^          aria-label={`Switch to ${theme === 'light' ? 'dark' : 'light'} mode`}$/", "language": "JavaScript", "kind": "field", "scope": "App.aria", "scopeKind": "class"}, {"_type": "tag", "name": "toggleTheme", "path": "/home/kavia/workspace/code-generation/gourmet-delivery-platform-200626-200637/food_delivery_frontend/src/App.js", "pattern": "/^          onClick={toggleTheme}$/", "language": "JavaScript", "kind": "field", "scope": "App.onClick", "scopeKind": "class"}], "hash": "b55dd9e6a018e59207d8e277dffd9e11", "format-version": 4, "code-base-name": "food_delivery_frontend", "filename": "food_delivery_frontend/src/App.js", "fields": [{"name": "aria-label={`Switch to ${theme === 'light' ? 'dark' : 'light'} mode`}", "scope": "App.aria", "scopeKind": "class", "description": "unavailable"}, {"name": "onClick={toggleTheme}", "scope": "App.onClick", "scopeKind": "class", "description": "unavailable"}], "revision_history": [{"17": "7f2c00bbc7ce033d20df7cf24b758448c0beb66d"}]}