{"is_source_file": false, "format": "", "description": "", "external_files": [], "external_methods": [], "published": [], "classes": [], "methods": [], "calls": [], "search-terms": [], "state": 2, "file_id": 6, "knowledge_revision": 24, "git_revision": "7f2c00bbc7ce033d20df7cf24b758448c0beb66d", "ctags": [], "hash": "1a77571e1a8cf36018a41bcedf60db75", "format-version": 4, "code-base-name": "food_delivery_frontend", "filename": "food_delivery_frontend/src/setupTests.js", "revision_history": [{"24": "7f2c00bbc7ce033d20df7cf24b758448c0beb66d"}]}