{"is_source_file": true, "format": "JavaScript", "description": "This is the main entry point for a React-based web frontend, setting up the root rendering of the App component inside the DOM element with id 'root'.", "external_files": ["./index.css", "./App"], "external_methods": ["ReactDOM.createRoot", "root.render"], "published": [], "classes": [], "methods": [{"name": "ReactDOM.createRoot", "description": "Creates a root for rendering React components into the specified DOM element."}, {"name": "root.render", "description": "Renders the React component tree into the root container."}], "calls": ["ReactDOM.createRoot", "root.render", "document.getElementById", "React.StrictMode", "App"], "search-terms": ["ReactDOM", "createRoot", "React", "StrictMode", "App", "index.js", "frontend", "entry point"], "state": 2, "file_id": 5, "knowledge_revision": 23, "git_revision": "7f2c00bbc7ce033d20df7cf24b758448c0beb66d", "ctags": [{"_type": "tag", "name": "root", "path": "/home/kavia/workspace/code-generation/gourmet-delivery-platform-200626-200637/food_delivery_frontend/src/index.js", "pattern": "/^const root = ReactDOM.createRoot(document.getElementById('root'));$/", "language": "JavaScript", "kind": "constant"}], "hash": "9fc5841375336fc175b49f8767a11383", "format-version": 4, "code-base-name": "food_delivery_frontend", "filename": "food_delivery_frontend/src/index.js", "revision_history": [{"23": "7f2c00bbc7ce033d20df7cf24b758448c0beb66d"}]}