{"is_source_file": false, "format": "", "description": "", "external_files": [], "external_methods": [], "published": [], "classes": [], "methods": [], "calls": [], "search-terms": [], "state": 2, "file_id": 12, "knowledge_revision": 20, "git_revision": "92bea5543290fc9fc70b7834c493f80ec1691548", "hash": "8bb0e42cea8b6f6038eab7177c61f6f0", "format-version": 4, "code-base-name": "food_delivery_frontend", "filename": "README.md", "revision_history": [{"20": "92bea5543290fc9fc70b7834c493f80ec1691548"}]}